,input,fft_real,fft_imag
0,0.07132897789269446,-2.1397741336196683,0.0
1,-0.01010285038708823,3.722086235046908,-3.3211731637228903
2,0.05990061448376525,-1.7936690344473996,-3.3637347391312424
3,-0.044238398500619544,-4.284367243900266,-2.7558111855637466
4,-0.17060863149524652,2.8653871577325294,1.3216739511380644
5,-0.08302955284414268,-2.498941777415501,-0.9756563229525348
6,0.030334768052498785,-2.9569896854084456,2.5635857264540065
7,0.04672021949378709,-0.5933439834890948,0.20514526090714558
8,0.1400700660972652,-0.397771367754193,5.181834134808328
9,-0.060484831238367245,-1.4466879213591168,2.823191330724926
10,-0.043381922758120084,-1.8111614890170689,1.901525154241887
11,-0.11649702588982896,-2.17932977520481,2.0748369393735784
12,-0.053372678064753015,0.4676392606951967,4.25097693960428
13,-0.12163505533529809,-1.8419173259466861,1.1550016399746532
14,0.060739856778841694,1.057663988394727,0.8721777611925419
15,0.027134915004119905,5.9723123494925785,2.5622147576232566
16,-0.02623726333919571,-0.8772954217566419,0.5966321369382306
17,0.05388514518751261,-0.24696127614235852,-3.788178379730462
18,-0.09137604455925893,-1.9384028989663724,0.45233254703022047
19,0.13645292005194654,1.4278063458885568,3.108121427376711
20,-0.10494312186352764,-1.9264335800187107,-2.3770696340999073
21,-0.022518096992491757,2.035717675285356,-2.2368685335616725
22,-0.2358404472540736,-1.8840406335825932,-5.775253002801692
23,-0.011743936866009205,-1.582185755370176,1.0080728316570258
24,0.005216018046192844,2.5406532334070375,-0.8931480954146299
25,-0.010862594362731607,-4.759264296533777,-1.6877773244041196
26,-0.014031226646481723,-0.8731305044776301,2.469890338213373
27,-0.0008819308695531868,1.3841480503391344,-1.3003705845186557
28,-0.01502337057399055,-0.5646918570291731,-2.8041335438111745
29,-0.053258462985009,-1.2063636948018408,-3.105239445240638
30,0.07561505083860415,1.9194688850135426,4.4437562743485755
31,0.029864133327737144,-3.8416585525494624,3.0121742655681594
32,-0.2782237389593246,0.22882299729039707,-1.3779382067031158
33,-0.06749767634067863,-5.226458496473984,1.4850646272112216
34,-0.05635753245509868,0.5799497183906004,2.2666562267510506
35,-0.13756648597241042,-2.4014317444077222,2.3573475176062475
36,-0.15205188272778325,4.160847501032974,3.613467303579732
37,0.06928730028192429,0.8121887928138217,0.4751616135989789
38,-0.05350747001365796,-3.685780839914888,-4.534577974035067
39,-0.1762099520100836,-1.604238844250167,-0.1410248909723368
40,-0.10833974171107977,2.6207171967643834,0.416850477144866
41,-0.0953975413941195,-0.3740166033196106,-0.3498982118722074
42,0.0986845470970876,1.7234776470890272,-3.480789281622729
43,0.026913619892440933,-0.861420041993163,-0.6476813019627397
44,-0.07643900971165601,0.2184596790049378,0.0800953256849507
45,-0.13775047468239005,1.9608349484500347,-4.707476213118065
46,0.07668937915234075,-1.6865621294726325,-0.42552985682834077
47,0.025356244155600328,-1.8515643313281804,2.9324274274619166
48,0.15273790144076801,2.8890643280814605,-3.1854741540687854
49,-0.08656227785976407,-0.26975307095226847,3.48182178079625
50,0.09322651351901728,2.803269011511433,3.000863625578488
51,0.03290429445529598,-0.6208120136615469,0.6585727651107948
52,0.05359991969639635,-6.257696684730215,1.660996455058692
53,0.08104651521060453,-2.5949810063878522,-2.6086314407223505
54,0.08860032721654629,1.296416266810593,-1.4243228230101195
55,0.09164700795359573,-2.8318034798780394,-0.14978310438854053
56,0.02267948732495684,0.46798794418427736,-1.2649915340696705
57,0.2513464396232298,-0.9956859969061173,-0.8178172386677038
58,-0.046518381217726085,1.30122475256531,-0.43641757556218885
59,0.06017331174254212,-0.2768709930690876,2.4723240358545673
60,-0.056438550473479315,-1.8674622752221155,-2.2008537824138052
61,0.11921078739514952,-1.881388243289731,1.5841000403519545
62,0.1594565862328012,-2.9762650568884306,-0.8741557895320429
63,0.06269215687201904,-0.12878083983076571,-4.925592250598436
64,0.021666957173265156,1.9211064096740855,-0.03698582610690093
65,0.011397927414010092,2.518343124525501,1.2408637167155412
66,-0.09859210783787754,3.47545773409477,2.4306316969310595
67,0.04237224190392746,0.41204437479183964,0.26521692772281025
68,0.15622313670228874,-0.4781671710813107,-1.3484314017466397
69,-0.0490218823398997,-3.2097802133818885,1.3372664506427683
70,-0.044861659350901646,3.6915228855360915,3.410172507973446
71,0.04107254570182743,-1.427058361755141,-0.919115878024432
72,-0.015273620386239112,-1.8003299048841914,-0.0741732590575529
73,0.24558657210340137,0.10456023308724993,-0.13709111409993557
74,-0.05054732603159032,-5.143840474348636,-1.8619604809810024
75,-0.0008420347348346585,2.087307731217115,-1.902043800832621
76,0.14734249388594886,-0.3296491291907615,0.5871813447826593
77,0.06247790994902165,1.002346192041232,-3.1831139339720194
78,0.017755653507899868,-1.1508616402161416,-0.2780155419174527
79,0.059308144677791934,0.8087745007485332,-2.1670713347444748
80,0.1740785739612543,1.8455319045636736,-0.9482461553342714
81,-0.106123472037078,-2.9787927147809956,-1.7561045570298575
82,0.13979488523912345,-0.27395280625112917,0.1117958008628206
83,0.09336412720519016,2.3530161077351144,1.6029487356640684
84,-0.02554359333025559,-0.4949571595274149,-3.978508167520805
85,0.022367923028211473,0.31051649829378647,1.2465945573641726
86,0.11818767845297938,-2.4999108737936573,-0.17313155712068995
87,-0.016874114741365322,-0.1857919751977588,2.9454961031975477
88,0.0010568261848062541,-0.9365020956860959,-4.366016595642754
89,-0.030867444733254125,2.0782814720762195,-0.8030400801951483
90,0.018229389513170574,-2.5358019773105,-3.443329260486091
91,-0.06523806454120058,-2.617777545624559,1.4019113619492864
92,0.11265991268186809,-1.7101100785191883,2.561520715160421
93,-0.013681605288880095,2.430674665500869,5.715831762249425
94,0.05155208447701726,-1.9222636919686358,0.06279845914919457
95,0.004971944502916512,-1.3362905747378044,0.7378407051308026
96,-0.19748522769923776,-2.3339356186826667,-4.412533665455042
97,-0.02429825023970851,-1.7356989955864073,-2.0958887649382745
98,0.196841539074032,-2.4861930270459656,5.718329956341638
99,-0.01697543134742983,-3.8964905139061603,-1.504146231894829
100,0.05135307921121282,1.6772056356781002,-2.4005078042975136
101,0.023672356112219795,-0.6221529558831657,-1.9470747776620854
102,-0.015254430944195742,0.2960411770589462,-0.08287846093303908
103,-0.07288325329303229,-1.21885761142221,-2.788270178336085
104,-0.1748205129199816,3.43275315183832,-0.6164739932855401
105,0.02315797034541714,3.1528189012726817,1.441559733759062
106,0.24151625712222302,-1.4935619269919775,3.7045887440120144
107,0.2081235545627429,2.365026765252055,-2.401944717778164
108,-0.0257016933183663,-2.6790114328055155,-0.44755686945816686
109,-0.13347872580615838,0.5984999623669922,4.054356523744067
110,0.0028955985854353656,-0.2204007566466022,-2.907279032036312
111,0.059552148677275464,0.35655784902094023,-3.123998478566723
112,0.19788507245162978,4.504269242727037,3.0502628044860893
113,-0.05539964294780915,3.063841600840637,-0.148733482339916
114,-0.10739007342769612,0.8004762326258441,2.6589906180968264
115,0.015227746988167746,3.125189728461377,-2.3252815291163427
116,0.01299247252833139,3.014852483938658,-2.644326883166631
117,0.07827772051078008,-1.2833687306945525,4.518469004657643
118,-0.04066186959824952,-1.3963551700124868,1.0639132225208017
119,0.042605289044691845,-0.6659319663653572,2.0030909856052443
120,0.17641367481266998,2.0591915738377344,-1.3558630695453158
121,0.13502630787089456,-3.763856356469976,1.3532207379082366
122,-0.06472634525515047,1.1192932274501723,-0.8965540197369082
123,-0.07855198465388125,-1.018862709061886,-0.6390972373456865
124,-0.029443405277950904,-1.0608689625167318,-1.5514223678789332
125,-0.07998852780716825,2.291261055479307,-0.88004881099215
126,0.1030754102249572,-1.1363348058491547,-1.930781935503868
127,0.12832963940080652,0.644121037727882,0.1297880643429805
128,-0.07392736492126471,0.6033100747617925,1.1888048794127708
129,-0.05885759875224022,-0.629959859842932,0.42086715104337347
130,0.0319641394383634,-0.9634990799110614,-3.8386428054092487
131,-0.12204440158483316,0.32398963184823715,-3.1979733813218805
132,0.07463556726951251,-0.11328318326542319,-1.9593989736620656
133,0.09790830035497154,1.3382613998069453,2.7139768550841126
134,-0.0716500885797398,1.2002744256461981,-2.9173492127997767
135,-0.14683112592295577,2.6753763665972445,-3.3174895186448152
136,0.03127807308186111,3.42903021123149,1.5161650398530608
137,0.0882791412341457,0.6363909373004885,-2.1975816193603324
138,0.10582103832606948,1.1024742210827572,-1.4977746896227797
139,-0.10597741824799622,-3.901609388959744,-2.7167495353792894
140,0.09188281906257327,-1.27174161509851,1.5299263545247355
141,0.03720583658293448,0.5383918472337671,-3.4517237149442783
142,0.21112260862779164,-0.2645163809335538,-3.0976044732930323
143,0.08660574125822537,3.922477887728495,1.480961561736514
144,0.22385898527922188,5.469689153420062,-1.3170524482769408
145,0.002318022630949677,2.3115239994507295,-0.5665926814141244
146,0.07658064777834267,4.61035949234032,-1.8197128160296723
147,-0.02914698565163314,0.22421674770688105,2.8513516878223215
148,0.04890962228713696,0.1199707060593872,-2.6753479367048065
149,-0.04708381067060562,0.1619403013355145,-1.3305379456947333
150,-0.004301761400031417,0.7021169610232241,-1.0162657122330618
151,0.05336848535277558,-0.0070096411258080416,-4.454219962121571
152,0.19533411178144844,-3.5229355114298393,1.3486207630439213
153,-0.007221884867586623,7.129917873805226,4.558695820099536
154,0.030652435566822955,1.385417982524529,-0.9558636069650592
155,0.00958929922727756,1.2282367278718236,-3.902465805672191
156,-0.03026747787429683,-0.6119030158071148,0.5191605849615774
157,-0.20170890313399684,0.7330220508701595,-5.096724662638897
158,0.16235393925948813,0.31978847645530606,1.811796883628314
159,-0.014520069317683444,-3.0624726376770712,0.4827251339359139
160,-0.03291303370928405,-1.9959687776485087,-0.6030250951986993
161,-0.12234247583605756,-2.749527985267242,2.4855939924959145
162,0.2261309450778776,2.8782017594915303,0.4236436999004741
163,0.023569873758204067,-0.02988079989686465,-0.8586876943527357
164,-0.11213851358559519,5.419949241865799,-0.1561032428416036
165,0.14137069904645502,3.6425185953886183,-2.5643321996105546
166,-0.017881356093039258,-0.35203469606261406,1.1933581764183492
167,0.008484913214233952,1.2399264470960571,1.7376886744666695
168,-0.02753128161299133,1.7013210878027296,-3.3452362576691828
169,-0.1980190730849093,-1.5844752073400645,-2.8689358642399148
170,-0.04130727703188957,0.5373809287051294,1.8422967277066125
171,0.09409356133251512,0.7706086176418353,-0.31595411224174186
172,0.12705504892603844,0.9035495804366701,-3.293229924898331
173,-0.037716243951552056,0.13636386520016652,-1.768120810329263
174,0.023272768998609306,-1.1563002309138453,-1.9341336182509328
175,0.0730823110245579,3.106565939900125,-0.43593032710039936
176,-0.010676057353152114,-0.22163881677189412,-3.290778741503147
177,-0.08743344704777722,0.6435765684436301,-0.5631006028532418
178,-0.09024563733065988,-3.0094519767211767,-0.13501770355634635
179,-0.27436640774681464,3.3211797756027934,-0.4191317156874156
180,0.0477292112577065,-2.736167690198732,-5.308733456283246
181,-0.06873913644139004,2.7630848602195335,-0.18382339590701968
182,-0.08212757061968085,-3.381500708423786,-0.8861086862788221
183,-0.13548081067782616,1.8808912640906823,1.8793469642788008
184,0.07476833094470373,-0.8068935100573279,-3.441040258982977
185,0.07728719250747748,-0.8766524098186623,-2.622423966675692
186,0.09918133065618423,1.2746605826863855,-0.24220739117978518
187,0.05870312597681371,4.724603119105494,0.5583713542620122
188,-0.0011568957539850073,-3.5945522349570758,-3.8789704526905395
189,-0.016766124601182843,-0.2893237267834854,2.460227034693994
190,0.024946049909445878,-3.350164727236722,0.31731004792048745
191,0.025156159375969506,0.6917435336563292,-0.054416069316904736
192,-0.11890338484062231,-0.957581823271604,3.7372188446272334
193,-0.019827056840810146,2.977538954936784,1.0203474585371444
194,0.08557577765783246,4.064332981873234,1.42982837968761
195,0.12372782430551649,-0.059456590699132006,-1.799393548046698
196,-0.015624362151239591,3.653758127530457,0.284829081711529
197,0.1717628469403062,-0.13945953822390378,1.9216318347705568
198,0.07582881302750433,0.09422500551080543,-0.8324140085502493
199,0.13439763291041115,1.1889574203281483,2.212532670182834
200,0.13872387041249354,-0.26456113841369044,1.7821016924962518
201,-0.13584594675866912,2.3727350954995696,0.9541335688400825
202,0.0939391869024806,-1.9052187869840846,2.003211749647852
203,0.06799257405479324,1.2658112432744208,-0.12932100904499166
204,-0.09763612091852486,-2.6963825709755342,-2.9820285790649406
205,0.10188209260478041,-5.28829751978984,-3.034937157837747
206,0.18063521586958609,-2.3263986065266606,-1.671993779025655
207,0.087322492872975,-0.9140578155421557,1.976332064064265
208,0.03461288420214937,-2.035931529254724,3.6373008939240403
209,0.02939622655780666,-0.0058565437214963545,1.1879048207149336
210,-0.1902612312217117,0.3723066110288113,-0.22424366619846045
211,-0.06176706979695723,3.3771686400519103,-0.26126565201355956
212,-0.0174994807755769,1.5999878432533483,-0.042746083181561076
213,0.038312776752266575,-1.8171634603875124,-2.6639183056626434
214,0.017269892409985638,1.1662841221070448,0.29433156591745985
215,-0.0571264082443991,2.0770946649150983,-1.283289000846001
216,-0.024158933487714765,1.2274437369571327,-2.134133013023114
217,0.08412736130723097,0.8791283124749936,-2.815378241455451
218,-0.10843502632091749,1.6807238102321254,1.5597538504545803
219,0.02719407181913282,0.18608876459120396,-1.0520403794283302
220,0.14653109070891585,0.9813559566688861,3.763299707650595
221,-0.0013441743095536124,3.1393014030009296,-0.00684064671292689
222,-0.006716767408987876,2.7790759059382686,-2.6317197426999015
223,0.10195155603634061,-0.6563087670377682,2.40647403636647
224,-0.009219078528451516,-6.321848390674045,-2.496543690602029
225,-0.04475385623547645,-4.086766471791257,-1.2837741609535922
226,0.04070225667490304,2.2768932648259232,0.31639028558804927
227,0.09268907353088869,-3.2128135163859617,0.9988159885867776
228,0.08456338619078146,-0.17904714420906276,-2.5829011811277303
229,-0.06106824661287233,-0.10036862380779027,-0.5321574348665866
230,0.0657477546035306,1.0094777368877956,-1.7374910254445377
231,0.08223044950996235,-1.2706350890645182,2.6689620932338594
232,0.07992368970550494,1.4557064815586385,-1.6746647062461035
233,0.18545526017202751,0.6843597367533558,-2.985678361879392
234,-0.021341841925597002,-1.620797669248935,-0.16986832881129968
235,0.001340746737277463,-2.5249484543609313,0.796223026928627
236,-0.1839914809108035,-2.058451435893796,1.225554782232424
237,-0.050743760744462345,-0.6719347386050022,3.803022884903449
238,-0.19892173163935478,1.190594209999965,2.9271206343178986
239,-0.04343066950872374,0.787543058205902,-2.540761465657218
240,0.11575574847616324,5.672257342202885,-0.7370578761616955
241,-0.21092002741853452,2.2934122523154445,0.14390558503653678
242,-0.0074901170865713275,-2.9743790974795625,4.125790014315204
243,-0.07548509020643764,-1.514508538185033,-3.0633457947729847
244,-0.05258544268509057,-0.3482444597476517,-0.7953211487052034
245,0.02028638917920828,-2.4333497970912275,-1.177492413463281
246,0.1652243004195465,1.4661465630162998,0.25801307066692286
247,0.06407925441706984,1.8060478572653378,-2.3488010982399032
248,0.04497511058683993,-0.6111369728450331,1.1472050208600062
249,-0.07647163513820138,0.0774857072760529,-2.1355317258936957
250,0.038050690717564783,-0.5641897950732039,-0.48302243199493233
251,0.07342946499948051,3.092966356513151,-2.7297602550715636
252,0.059819392401574314,1.7864668540621678,3.615965311682883
253,0.02687702048158158,-0.8908786574421357,-1.6099977660859346
254,0.11041124072457996,0.262730570531341,-0.5723353302514864
255,-0.057020534656147016,0.47664600001182295,-1.4483898774671502
256,0.027091165352858656,-0.28661038576045883,4.852119913483758
257,0.19921859620291754,0.7937000517224868,0.22295861949827386
258,0.08318614540612222,-1.4901691878334422,1.8162142545672288
259,0.06277538082296379,0.5636070722391469,-1.6800726150715646
260,0.031173259462648418,1.502114255860051,3.3410591071529394
261,0.13447863936205562,-0.7379308076070501,0.7509479337295201
262,0.15146731585672987,0.634068719274707,2.0255199198082607
263,-0.05633677112338689,-1.7773415092418088,3.1177962779436514
264,0.14702811779657513,0.1976293231138455,-1.8843096721119048
265,-0.14341634823020033,-0.5100652608397391,0.6304046818789039
266,-0.0855010435850096,1.803055169344332,1.4293886375765772
267,0.09738487575507053,-1.3292480867837873,-0.6886499265509581
268,0.0660313825651001,0.5034427217711808,5.4469594347526975
269,0.09864493558719314,-0.792508009860043,0.5311335267972775
270,-0.011375780067436237,0.04279497321307425,-1.466334608808811
271,-0.019986630837692004,4.503206339434275,-1.2489671632904953
272,-0.19265827624775744,-0.7582313194820693,-1.656360145750934
273,0.056072905069987515,-1.231997690119442,-1.5479013788226013
274,-0.03304402529463788,-0.24566786801273613,-2.6830451637360455
275,0.05667900757289765,2.2496341570765512,-5.760729880452006
276,0.04554940055447262,1.6899429977838862,2.8797693082759745
277,-0.06751429392536938,-2.142038411593091,-2.057154941972998
278,-0.012091995841866685,-0.24019752324489946,3.3505039146985642
279,0.0108209134916282,2.412017739616052,-3.997580136196813
280,0.11583045913245574,-0.8952146604677992,0.37776986001837265
281,-0.04005436120407636,-2.06463226014104,0.32434546390698726
282,0.026488956753570193,1.458753863844509,4.416264988901551
283,-0.08975570266672123,-0.8511222924484725,-0.2908597140040484
284,-0.12978278815057184,3.1650020585603365,-2.6837675969696626
285,0.024564427700146312,1.6596985152601238,-2.627711096279376
286,-0.039975593922609555,0.8244212989069306,-1.568248734627015
287,0.11446467757999201,-1.0506666370143658,-2.051463036348405
288,-0.24278196861063775,-1.2141563545854264,-0.2354698115690339
289,-0.14131912124249715,2.7002822346914988,4.230941540332755
290,-0.1247656271013769,-0.13600138298656034,0.12542246943383972
291,0.12504664261322532,-0.728901651268804,1.020409611487963
292,0.005810136800709541,1.9680538821235392,0.3777991713371938
293,-0.06597920186131749,-1.1717307509586556,1.1417649879526286
294,0.00964294874882251,0.5400261713770829,2.4474075255538787
295,-0.028705898017878314,-2.5399087491144843,0.06805738249314325
296,-0.029045289474056518,0.2940411574077827,1.7103047951856647
297,-0.026535939628718752,-1.6808397041400682,3.129546322241158
298,0.11314590081084129,1.298216924291035,0.4435122282565844
299,0.007956594782571843,3.8255796158796107,-0.773407546179054
300,0.11207622712099832,0.485785746897818,-2.68746382232882
301,0.13926527016860643,1.0846883566719487,0.8001304198660673
302,-0.10627017320365569,0.695808080168419,2.2064982533637747
303,-0.08680962790488339,3.3542442780638866,1.9147365825791547
304,0.07468200006088571,-0.017469607001349807,0.10956104915287607
305,-0.07942117524828014,0.49541447624466456,-0.15852491414655173
306,0.1614166779917206,-0.8611610946346433,3.405353976012347
307,0.15595206928705307,3.7291884722689534,-1.241692657049708
308,0.03167896378129371,-0.2977251312717043,1.224815232696149
309,0.1413861343920114,-1.7806949531867098,-0.25043103550859214
310,-0.1926649834505211,2.3161349041914945,0.34441420245234233
311,0.04970511891383754,-3.482249235996968,-0.5778175274369477
312,0.05644319285356179,1.9738450400909735,-4.44217349680162
313,-0.15612649350075786,-1.1438126069686618,-1.3440818485657091
314,-0.049756784794235405,0.30011840537963136,0.5325742174214754
315,-0.1720854303782997,-2.309215966421604,1.486398495604229
316,-0.23998042576801626,-1.5799665685710398,0.22288827060359118
317,-0.011323643610471888,3.895385492632151,-2.365317404643494
318,-0.040953591663761946,0.1597578502826399,2.89206684385873
319,-0.01727636283651161,-7.079950955672837,0.715013508583977
320,0.1468797517741306,-2.560309558093345,-0.9951516776211022
321,-0.08540072485815475,0.9860265112887278,0.23048614493830683
322,0.010310201725806167,0.7858206717307732,6.714330614316334
323,0.07480392989697858,-0.3627004636637591,-4.427676074751899
324,-0.05568347607558565,4.922305642447492,-0.9373047967182634
325,-0.1379668638914095,-1.1040637614846018,-1.2776982095460778
326,0.03868324351672711,-1.0472350145854057,1.6997548350285778
327,0.006743923498614779,-3.071528099346893,0.4527652802625668
328,0.12074221440584441,-2.415009210735761,-0.6099823392012542
329,0.07590727586884921,3.0034721246038445,2.60234261096745
330,-0.028030752785869886,2.64170507266116,2.0684094668904893
331,-0.11482383836546806,-4.197652039508131,0.2714016712789702
332,-0.07658210552681514,-0.4833668819550422,2.4872727315503185
333,0.0030511220906279573,0.8914219570261732,2.1862794086520174
334,0.09657355553973615,0.7234686674614668,1.6853019204323694
335,0.06905596282381771,2.0545115616939023,-4.007312557035951
336,0.06466977117632251,0.09071990276468955,0.6915467748604844
337,-0.04812819338701228,-0.032119530280814934,-0.22543288763662317
338,-0.0448894258163022,0.27019291143850044,-3.0183810598561127
339,-0.014858095876584876,3.0086706313118334,-2.9001034392975993
340,-0.03155858894981673,0.8728099336575518,1.0933979855547322
341,0.030295649457361174,0.20670424320552527,-0.6446482014709904
342,-0.007188111337758126,-0.4430159429029179,4.206607926681159
343,0.09615056806593475,-3.3664298370502737,-3.9228423202022067
344,0.03733204353913377,0.27426475713682574,4.677215202550672
345,0.04181187103564592,0.24853706497876993,-1.921709254757872
346,-0.0020635208853900674,1.8971674820930873,0.9619779456232511
347,0.09969614748261721,2.533134487782598,0.5391117090886737
348,0.030652644357364985,2.291073228922069,3.3797919470689513
349,0.07729090488178544,0.5790390410462729,-3.4276034250381144
350,-0.15085666930490582,-0.5107392953891896,-2.060275556506347
351,-0.02175369814197034,-1.0617401201510417,-1.458100325733969
352,-0.15184240102763844,-2.573691445377902,0.7494503106761671
353,0.035449171618306984,-0.46499583024121904,0.4309024558565199
354,-0.011680278593575073,-0.2520757910007074,0.9916946479376352
355,-0.0185005878810229,3.607792594601098,0.6629791900423629
356,-0.16379973713115598,0.09535055236963069,0.0399478387869493
357,-0.10222549526456792,-1.237137225553389,2.4440934253797195
358,-0.07355499857741758,5.6647215594570985,1.4191102482827846
359,-0.2449391174257054,1.9230982774687795,2.543827058798769
360,-0.05424038923804402,0.8204340147094169,-2.1641672483131784
361,0.019125556416181286,1.8288757401535887,5.790751344273259
362,0.12237213049510748,0.11293751412238465,1.4057976833368506
363,0.02978769975233425,-2.5709554433641433,5.787699957307867
364,-0.1020930046073547,5.642321089536311,-1.7906945675490658
365,-0.013024749412123369,0.7359940002732752,-1.5179058320977257
366,0.11957612426036467,-0.9757665460649043,2.127078764370071
367,0.1336288602029285,-1.6075069371371669,-1.0864595891472242
368,-0.022093310619115514,3.5450525715249954,0.5892662854833152
369,-0.18170681922894716,0.9947776072409142,-2.235190293078848
370,-0.1523128749073825,-4.861477249923578,3.1015934209615192
371,-0.09456822429486857,1.047133417852761,0.5083196795155177
372,-0.049806751673952036,-1.3970362250114834,-0.20855436434438523
373,-0.05003633123111795,-1.0056943450449038,1.6335667290874378
374,0.0490617937854101,-1.9938452895057277,1.4744425981690057
375,-0.04779654375579118,1.2234515464825657,-0.11908135756888277
376,-0.17466415524738088,-2.596918499722338,-1.856323807918936
377,-0.11218055695683049,2.156117776302034,0.9275668075030805
378,-0.04601322455887601,5.5751566545997795,2.514109599648002
379,-0.057629922186752,-1.5868765107797118,2.115657307759445
380,-0.019681142636361504,0.8719553316925074,0.6584541176885241
381,-0.0326655132714093,-1.9500960334678406,-1.435303843187043
382,-0.023259485581578827,-2.2036183096597117,-0.6300246054540969
383,0.06875034757821476,-0.5944621347200555,-0.7854535647336504
384,0.08645325955806252,0.43755236048025303,2.3420037325472878
385,0.07151743116562978,0.9887845067466146,-1.699605955582761
386,0.149150561881132,-3.3514056481969545,-1.1452861245040187
387,-0.12421377114375382,-0.03050893949371769,3.08471768588638
388,-0.022987191644144225,0.6273203682994493,-5.171391381669076
389,0.04247242295237397,-0.08091489024186137,0.2983311012932372
390,-0.15152429856597305,0.8330974033985195,1.3179881760705419
391,0.06851449021476351,1.6893657586772706,-0.20101820934460357
392,0.09482216268408664,0.5293669773880458,2.534174151625608
393,0.08416766488456168,-2.841900433786068,-1.4050382451494263
394,0.1664424553650099,-1.1426481231045178,-1.2990844071182996
395,-0.13773667769655315,2.82776367592021,0.2833985947545411
396,-0.04892703517578381,-0.8223148843554843,0.2213810117268844
397,-0.08073582155971208,1.6894143740770589,-0.4968148642964397
398,-0.16874535694838122,1.068454189114511,3.532107560564741
399,-0.16890033617013525,-6.218770569367457,-4.480040886518438
400,0.06832341900908186,3.530818248023771,0.7171856657118201
401,-0.0775356090657502,-2.0787436318538326,-2.1995790594117315
402,-0.11826078676783676,0.07676339702365742,-0.3460917846736744
403,-0.20610645141346629,1.010973457473002,0.13223619837553224
404,0.0704836544046594,-2.4184264018346786,-0.130203613429504
405,-0.25757955500750956,3.0814133943492448,-3.5576667829000836
406,-0.16260103696224923,-0.583257514543758,1.656296489088279
407,0.09107447138119473,0.6247770204349419,-1.4106401584857486
408,0.04169149089250629,2.984643146932508,5.374760849607256
409,-0.08183431952951631,-2.929368711663605,1.0261235581543509
410,0.06562930293687998,3.5389914277222676,-1.4499898914353502
411,-0.02344409540779589,3.7328171187651433,-1.7698526888891086
412,0.09799592856694951,-1.7902646205563166,-0.6815570046908725
413,-0.07821851205523761,-4.019752176575008,-0.6934627171120625
414,-0.020230693586784795,0.4818376223781904,-0.6094095355117038
415,-0.07402241531733504,1.7440231539509092,-0.621558295457846
416,-0.09449941528167284,-1.2417714021311603,-1.0142564918582044
417,0.05995606300664578,0.037258012119461226,-0.24496928732263068
418,-0.0551623726529757,4.5218798271698715,3.150690193097637
419,0.02121991160854404,-3.6193468364454113,3.9802252829386457
420,0.09746516441753059,-1.053982599838605,-1.1698668628215243
421,-0.0650002479002155,1.7092290944903261,0.11628165922855405
422,0.20906743505419137,0.3556496967311349,-0.8583883520030935
423,0.07461508134510236,-0.3292307219095234,-2.0596054643647683
424,-0.0897817160395142,1.7730035960383232,-3.684095769885167
425,-0.05282253937310394,1.8766888322636817,0.3179186855650098
426,-0.020490150005758226,2.153780765711513,3.2253231500297748
427,0.026531075933583705,4.506907950215073,2.5790869548996667
428,0.1598482726028064,2.644233456398138,3.729349136851594
429,0.05665514784566583,-2.5943936177102,3.3252381370153596
430,0.018592464975663008,-0.05328105013934037,2.7323926359811126
431,0.13684576076778396,0.09805713330638094,0.39580427161765286
432,-0.16163589291400182,4.233815272275973,1.181082732323317
433,-0.042397154235518236,-1.943659042239324,0.5243585051844291
434,0.001478825991829422,0.20930929995784897,2.993330817394281
435,0.07964466186281924,4.090765139316848,1.5753915315461
436,0.10533572232910873,-3.846579323107214,-1.3935412547604882
437,0.028666762911797036,0.8061312060362549,-2.2674411443447493
438,-0.04502458719484841,-2.3812406023492465,1.788762659339342
439,0.08302062203234849,1.213021844398684,-2.5863251525263182
440,-0.11760405071758195,1.0002472823162394,2.227550826665824
441,-0.03347099317632617,-4.5496640101691685,-1.0793066445132713
442,0.0017591222513951366,-1.5052523632334318,-3.558739398425983
443,-0.04050516094060322,-0.17461689359789556,-2.646556845004217
444,0.004826423914876629,1.3668537438878747,1.3627357160125566
445,-0.015039587428279395,-2.4031464394139213,4.298248197697044
446,-0.08593373451622366,1.4803290444903436,-0.26784420801370423
447,-0.0656458875549227,-0.720650448115121,-0.5502108272498598
448,-0.0229031282400719,-0.8291555430980908,-2.9693509328292147
449,-0.09124296462106253,1.9174471346276354,-1.092555965643224
450,0.24047643483261913,1.8638580054769627,-3.0765108157456984
451,-0.14629429498272553,-1.0855923964606993,-2.459811695286595
452,0.025348960608822576,0.10376991585079737,0.4511680610932678
453,0.011205909424428834,-1.9264807790410465,1.1488887280790934
454,-0.0787303999696138,2.634424273587276,-3.3674191199566597
455,-0.06654181149182296,-2.3934931731321365,1.5404432065372895
456,-0.015489669296404003,-2.8817147764106883,-0.6503597764287787
457,-0.12908490481571122,-0.32486138077562465,2.869948040809402
458,0.059589354526843455,-3.293372848031921,-0.08870068508212303
459,-0.0026407510791701828,-6.175682064982429,-0.8364174247837614
460,-0.03388443522410505,-1.0225081339174826,3.2391756745574796
461,-0.02269868900610165,-0.8947568521167528,0.7930968323366985
462,-0.07814627942851335,-0.5167681282082508,-2.5067272543838057
463,0.01430066686815639,-3.5288528270440063,-1.2817515056791278
464,0.0773568111353403,3.4632187900766893,1.7791056868482982
465,-0.16795803286020727,-4.2975480355078695,1.910488709844125
466,-0.055245617376824055,2.5763316909780354,-1.9672882917570493
467,0.08199575048117035,3.5012982387104987,-0.13801212553422948
468,0.01885322430968265,-1.1899000896390688,-0.38904598289561043
469,0.10330887036160384,1.0378405797070607,-3.2842758760536563
470,0.19789208190138222,0.8716588616541321,3.631779443954989
471,-0.05031120072660125,-0.4903965890386702,1.00052299250621
472,-0.060076818604702854,1.4630236884032908,-0.8924940069029785
473,0.07936789571241487,-1.248042706486297,0.6139080733797563
474,0.020790807211253086,0.8592479040587969,-0.23499785558451602
475,-0.08168941238505018,-0.6648963994418727,1.110152969014016
476,0.09612365135780516,-0.4714977377473616,-1.1880204891617416
477,-0.11162989761036793,-1.9259541512865876,0.6793486712454423
478,0.18374484021432305,2.541905166892,-0.6386362513150232
479,0.06840564821311361,1.2566603608839706,-0.30930417913615615
480,0.06852226364621795,-2.063273922392669,4.04550788415908
481,0.30288020535515336,-1.3224079048681354,-1.2197597475565414
482,0.11285068333740587,1.368843771480404,4.451059444490669
483,-0.01383068346535346,-3.155635585836422,2.085500100025855
484,-0.036198949214452804,2.9511387235081368,0.5759305753692354
485,-0.06401601446203885,1.5247983776055625,-0.34287727238591803
486,0.11469388457245958,-0.7692404717131871,3.4275063594321926
487,-0.033491942699931575,1.2907632167192893,1.101859500034617
488,-0.034295927466514865,1.1008060043433487,-0.6238415644259947
489,-0.09780403714413771,2.653566225205306,2.0741231587375983
490,0.1633043557433459,3.324422172075966,-0.6146122744431368
491,0.012104005919132558,1.546964885092275,0.4592147466311697
492,0.12021529204582129,2.5972916174730267,-0.3141883248948276
493,0.03485242787996539,-1.0556177180802484,-0.5340438663766505
494,0.0006766779086656234,-1.9223575949812095,0.5851820598975002
495,-0.05395398591788904,-3.048411685846552,-0.4589622255950483
496,0.07320285604506115,0.9559753989473017,-0.020282077991689018
497,-0.05872655672580712,-1.5007101890224555,-0.8121883597537236
498,-0.060578928040868986,-1.600695317640373,-0.16434625472415232
499,0.12410558117714486,5.856840433901833,1.294581931816892
500,-0.20160765044666681,0.1851661930566788,0.17038897788277962
501,-0.19026786948123395,-3.1689438136674206,-0.42189841306815534
502,-0.032218211322699565,-0.14883860800041293,-2.571038449411481
503,0.08813655535685917,-0.5472207757741621,1.72561688412729
504,0.04048355130267107,1.988284267802488,1.8669480649596126
505,-0.0308840911113624,-1.0797998769290558,0.36587540659720097
506,-0.05687765139658742,0.38791842752085426,-4.652144142030963
507,-0.0041891001717380225,1.9058525917212226,0.3250961381494686
508,0.14440033852087644,-2.6996280809437465,-0.2563842618753669
509,-0.0322694439715124,-4.3703384282806095,3.591219032003467
510,-0.04678114341448969,-1.0744678656015905,1.0225760421461225
511,0.047366714204302635,-1.7644252957836946,0.08476644573908199
512,0.14883681004282245,5.656432348010361,0.0
513,-0.2580799107458379,-1.7644252957836946,-0.08476644573908199
514,0.24320913344690706,-1.0744678656015905,-1.0225760421461225
515,0.16775257947196753,-4.3703384282806095,-3.591219032003467
516,0.025174577774114977,-2.6996280809437465,0.2563842618753669
517,-0.07719121112618571,1.9058525917212226,-0.3250961381494686
518,-0.02413891729713478,0.38791842752085426,4.652144142030963
519,0.10090093839647998,-1.0797998769290558,-0.36587540659720097
520,-0.0064665648708063725,1.988284267802488,-1.8669480649596126
521,-0.002620145637111691,-0.5472207757741621,-1.72561688412729
522,-0.12972465099854077,-0.14883860800041293,2.571038449411481
523,-0.0964649043257162,-3.1689438136674206,0.42189841306815534
524,-0.033004580101323365,0.1851661930566788,-0.17038897788277962
525,-0.1231073885288724,5.856840433901833,-1.294581931816892
526,0.0255217137147981,-1.600695317640373,0.16434625472415232
527,0.04770750665785972,-1.5007101890224555,0.8121883597537236
528,-0.19685959437050699,0.9559753989473017,0.020282077991689018
529,-0.026725831236751558,-3.048411685846552,0.4589622255950483
530,0.09587485802028228,-1.9223575949812095,-0.5851820598975002
531,0.02428456511918264,-1.0556177180802484,0.5340438663766505
532,0.009166356056026349,2.5972916174730267,0.3141883248948276
533,-0.16384603468953746,1.546964885092275,-0.4592147466311697
534,-0.1360953341218671,3.324422172075966,0.6146122744431368
535,0.05448648021859083,2.653566225205306,-2.0741231587375983
536,-0.015821029945798617,1.1008060043433487,0.6238415644259947
537,0.1529156463973392,1.2907632167192893,-1.101859500034617
538,0.015458974659963457,-0.7692404717131871,-3.4275063594321926
539,0.03683554684078934,1.5247983776055625,0.34287727238591803
540,0.03591009774705072,2.9511387235081368,-0.5759305753692354
541,0.07596054470513544,-3.155635585836422,-2.085500100025855
542,-0.025465803271784535,1.368843771480404,-4.451059444490669
543,-0.046185487261950514,-1.3224079048681354,1.2197597475565414
544,0.17689736915168255,-2.063273922392669,-4.04550788415908
545,-0.15984916947752792,1.2566603608839706,0.30930417913615615
546,-0.20563441176506655,2.541905166892,0.6386362513150232
547,0.1323335869256788,-1.9259541512865876,-0.6793486712454423
548,0.10525653673220521,-0.4714977377473616,1.1880204891617416
549,0.13778551354741062,-0.6648963994418727,-1.110152969014016
550,0.01581882161313203,0.8592479040587969,0.23499785558451602
551,-0.10422957318534638,-1.248042706486297,-0.6139080733797563
552,-0.08030876228064274,1.4630236884032908,0.8924940069029785
553,-0.061805188550180704,-0.4903965890386702,-1.00052299250621
554,-0.04056249399182868,0.8716588616541321,-3.631779443954989
555,0.06454182895780206,1.0378405797070607,3.2842758760536563
556,-0.03133781964337203,-1.1899000896390688,0.38904598289561043
557,-0.22162639991807703,3.5012982387104987,0.13801212553422948
558,-0.04589090564315742,2.5763316909780354,1.9672882917570493
559,-0.09762974024022564,-4.2975480355078695,-1.910488709844125
560,-0.12503867384653133,3.4632187900766893,-1.7791056868482982
561,-0.087468733668436,-3.5288528270440063,1.2817515056791278
562,0.06670528183057252,-0.5167681282082508,2.5067272543838057
563,0.12645091539026895,-0.8947568521167528,-0.7930968323366985
564,-0.062307591545787466,-1.0225081339174826,-3.2391756745574796
565,-0.04380616700991791,-6.175682064982429,0.8364174247837614
566,-0.1443145681836487,-3.293372848031921,0.08870068508212303
567,-0.10763690298667089,-0.32486138077562465,-2.869948040809402
568,-0.09666810171310226,-2.8817147764106883,0.6503597764287787
569,-0.0032295291703519076,-2.3934931731321365,-1.5404432065372895
570,-0.020291598890292112,2.634424273587276,3.3674191199566597
571,0.15346461137221015,-1.9264807790410465,-1.1488887280790934
572,-0.010676234454766897,0.10376991585079737,-0.4511680610932678
573,-0.09640756159945324,-1.0855923964606993,2.459811695286595
574,0.18117790454919902,1.8638580054769627,3.0765108157456984
575,0.09393066725111301,1.9174471346276354,1.092555965643224
576,-0.04002301427322556,-0.8291555430980908,2.9693509328292147
577,-0.03717994229010701,-0.720650448115121,0.5502108272498598
578,-0.04008895280723723,1.4803290444903436,0.26784420801370423
579,-0.12579032731010636,-2.4031464394139213,-4.298248197697044
580,-0.19294463752067936,1.3668537438878747,-1.3627357160125566
581,0.11070806852856246,-0.17461689359789556,2.646556845004217
582,-0.029053545174577495,-1.5052523632334318,3.558739398425983
583,-0.020847271111544954,-4.5496640101691685,1.0793066445132713
584,0.15427429818986013,1.0002472823162394,-2.227550826665824
585,0.035730844399596944,1.213021844398684,2.5863251525263182
586,-0.034818629714065796,-2.3812406023492465,-1.788762659339342
587,-0.11629171760435353,0.8061312060362549,2.2674411443447493
588,0.0589869695446075,-3.846579323107214,1.3935412547604882
589,0.02486436372444441,4.090765139316848,-1.5753915315461
590,-0.024279915884826572,0.20930929995784897,-2.993330817394281
591,0.04093425162724612,-1.943659042239324,-0.5243585051844291
592,-0.023821434238374024,4.233815272275973,-1.181082732323317
593,-0.23368415902706952,0.09805713330638094,-0.39580427161765286
594,-0.11960628079527974,-0.05328105013934037,-2.7323926359811126
595,0.03186395758529912,-2.5943936177102,-3.3252381370153596
596,-0.09006420768919557,2.644233456398138,-3.729349136851594
597,-0.06814374812249918,4.506907950215073,-2.5790869548996667
598,0.0003935754929951514,2.153780765711513,-3.2253231500297748
599,-0.12106220968363268,1.8766888322636817,-0.3179186855650098
600,0.11025419778347781,1.7730035960383232,3.684095769885167
601,0.17966821183985152,-0.3292307219095234,2.0596054643647683
602,0.14716090316386332,0.3556496967311349,0.8583883520030935
603,0.03616223009261791,1.7092290944903261,-0.11628165922855405
604,-0.027024920608112436,-1.053982599838605,1.1698668628215243
605,0.05611321841039399,-3.6193468364454113,-3.9802252829386457
606,-0.11269036018341078,4.5218798271698715,-3.150690193097637
607,0.22728485727198625,0.037258012119461226,0.24496928732263068
608,-0.25004306749911126,-1.2417714021311603,1.0142564918582044
609,1.2145587174893283e-05,1.7440231539509092,0.621558295457846
610,-0.05837125483415269,0.4818376223781904,0.6094095355117038
611,-0.10350196319126972,-4.019752176575008,0.6934627171120625
612,0.1361173727291306,-1.7902646205563166,0.6815570046908725
613,-0.15428779711341675,3.7328171187651433,1.7698526888891086
614,0.13665591330551796,3.5389914277222676,1.4499898914353502
615,-0.06601290303213571,-2.929368711663605,-1.0261235581543509
616,0.11863920012431764,2.984643146932508,-5.374760849607256
617,-0.005865762034285025,0.6247770204349419,1.4106401584857486
618,0.00953441724931019,-0.583257514543758,-1.656296489088279
619,-0.16232684827088958,3.0814133943492448,3.5576667829000836
620,-0.00449074387771156,-2.4184264018346786,0.130203613429504
621,-0.046405973920264,1.010973457473002,-0.13223619837553224
622,0.16816260749240478,0.07676339702365742,0.3460917846736744
623,0.002665336476512524,-2.0787436318538326,2.1995790594117315
624,-0.0253962883027119,3.530818248023771,-0.7171856657118201
625,-0.001958028769148099,-6.218770569367457,4.480040886518438
626,-0.09598055059330166,1.068454189114511,-3.532107560564741
627,0.05908780327521306,1.6894143740770589,0.4968148642964397
628,-0.040074071520562936,-0.8223148843554843,-0.2213810117268844
629,-0.03804350013430233,2.82776367592021,-0.2833985947545411
630,-0.058973534059094404,-1.1426481231045178,1.2990844071182996
631,-0.1716077629201218,-2.841900433786068,1.4050382451494263
632,0.007702885670152345,0.5293669773880458,-2.534174151625608
633,-0.0473304332135236,1.6893657586772706,0.20101820934460357
634,0.027658008355501626,0.8330974033985195,-1.3179881760705419
635,-0.10141927515612659,-0.08091489024186137,-0.2983311012932372
636,-0.18135420632826238,0.6273203682994493,5.171391381669076
637,0.16140108858901434,-0.03050893949371769,-3.08471768588638
638,0.16550187061084298,-3.3514056481969545,1.1452861245040187
639,-0.14385484756575082,0.9887845067466146,1.699605955582761
640,0.07115963261918261,0.43755236048025303,-2.3420037325472878
641,-0.07845332257407958,-0.5944621347200555,0.7854535647336504
642,0.12466374488334409,-2.2036183096597117,0.6300246054540969
643,-0.06872021762564094,-1.9500960334678406,1.435303843187043
644,-0.017774894493377085,0.8719553316925074,-0.6584541176885241
645,0.078812198551565,-1.5868765107797118,-2.115657307759445
646,-0.06824752037668023,5.5751566545997795,-2.514109599648002
647,0.05076259632984029,2.156117776302034,-0.9275668075030805
648,-0.0728877166452821,-2.596918499722338,1.856323807918936
649,-0.17909112409593295,1.2234515464825657,0.11908135756888277
650,-0.0033096204437149516,-1.9938452895057277,-1.4744425981690057
651,-0.234753163324969,-1.0056943450449038,-1.6335667290874378
652,-0.03567413424184353,-1.3970362250114834,0.20855436434438523
653,-0.01429140429530218,1.047133417852761,-0.5083196795155177
654,0.015592469666571985,-4.861477249923578,-3.1015934209615192
655,0.03986512336780504,0.9947776072409142,2.235190293078848
656,-0.05353423437674662,3.5450525715249954,-0.5892662854833152
657,-0.012276436164060841,-1.6075069371371669,1.0864595891472242
658,-0.01866629605681964,-0.9757665460649043,-2.127078764370071
659,-0.24580251855436142,0.7359940002732752,1.5179058320977257
660,0.03070742034904165,5.642321089536311,1.7906945675490658
661,0.14970819629573356,-2.5709554433641433,-5.787699957307867
662,-0.18538978276099657,0.11293751412238465,-1.4057976833368506
663,0.014224285886655141,1.8288757401535887,-5.790751344273259
664,-0.005352157988979625,0.8204340147094169,2.1641672483131784
665,-0.0769392458956707,1.9230982774687795,-2.543827058798769
666,0.11240587115367287,5.6647215594570985,-1.4191102482827846
667,-0.019634765014162475,-1.237137225553389,-2.4440934253797195
668,0.01590246629175605,0.09535055236963069,-0.0399478387869493
669,-0.025726314708384726,3.607792594601098,-0.6629791900423629
670,-0.010837593853893365,-0.2520757910007074,-0.9916946479376352
671,-0.0005712745471446367,-0.46499583024121904,-0.4309024558565199
672,-0.15061795233592273,-2.573691445377902,-0.7494503106761671
673,0.1577200936096312,-1.0617401201510417,1.458100325733969
674,-0.08927067256037284,-0.5107392953891896,2.060275556506347
675,0.0680672255481505,0.5790390410462729,3.4276034250381144
676,-0.032857987542632826,2.291073228922069,-3.3797919470689513
677,-0.08892377471040544,2.533134487782598,-0.5391117090886737
678,-0.09646916805560937,1.8971674820930873,-0.9619779456232511
679,0.16366947661957618,0.24853706497876993,1.921709254757872
680,0.031538556297211966,0.27426475713682574,-4.677215202550672
681,-0.03269905863070329,-3.3664298370502737,3.9228423202022067
682,0.1387090852330046,-0.4430159429029179,-4.206607926681159
683,-0.01956988090967764,0.20670424320552527,0.6446482014709904
684,0.12603876774546652,0.8728099336575518,-1.0933979855547322
685,-0.04644840434823219,3.0086706313118334,2.9001034392975993
686,0.12140056353922264,0.27019291143850044,3.0183810598561127
687,-0.03840915483782817,-0.032119530280814934,0.22543288763662317
688,0.22273116270825155,0.09071990276468955,-0.6915467748604844
689,0.018105133331148306,2.0545115616939023,4.007312557035951
690,-0.024110827875148025,0.7234686674614668,-1.6853019204323694
691,-0.0699705909489599,0.8914219570261732,-2.1862794086520174
692,-0.05136027422630101,-0.4833668819550422,-2.4872727315503185
693,-0.08554804563626096,-4.197652039508131,-0.2714016712789702
694,-0.1749224561403895,2.64170507266116,-2.0684094668904893
695,-0.0662959370738032,3.0034721246038445,-2.60234261096745
696,-0.1309402271195297,-2.415009210735761,0.6099823392012542
697,-0.10536448051321119,-3.071528099346893,-0.4527652802625668
698,-0.004705975000841925,-1.0472350145854057,-1.6997548350285778
699,-0.03553121001677015,-1.1040637614846018,1.2776982095460778
700,-0.0738895710169876,4.922305642447492,0.9373047967182634
701,0.09484072280284885,-0.3627004636637591,4.427676074751899
702,-0.10557313792957904,0.7858206717307732,-6.714330614316334
703,-0.047621697503797994,0.9860265112887278,-0.23048614493830683
704,-0.055767133096370713,-2.560309558093345,0.9951516776211022
705,-0.031701679210795294,-7.079950955672837,-0.715013508583977
706,-0.0730020716313963,0.1597578502826399,-2.89206684385873
707,-0.00856765795053365,3.895385492632151,2.365317404643494
708,0.10305682515025777,-1.5799665685710398,-0.22288827060359118
709,-0.1658181058704526,-2.309215966421604,-1.486398495604229
710,0.11372223448026016,0.30011840537963136,-0.5325742174214754
711,-0.10584467020946962,-1.1438126069686618,1.3440818485657091
712,0.0814087618797193,1.9738450400909735,4.44217349680162
713,-0.027567562407403337,-3.482249235996968,0.5778175274369477
714,-0.06215291633350605,2.3161349041914945,-0.34441420245234233
715,0.16175229639531935,-1.7806949531867098,0.25043103550859214
716,-0.10811128036959627,-0.2977251312717043,-1.224815232696149
717,-0.017811953464868382,3.7291884722689534,1.241692657049708
718,0.024560932224261717,-0.8611610946346433,-3.405353976012347
719,-0.15046739815399562,0.49541447624466456,0.15852491414655173
720,0.038009497562403606,-0.017469607001349807,-0.10956104915287607
721,0.002315977244067495,3.3542442780638866,-1.9147365825791547
722,0.02238543573801125,0.695808080168419,-2.2064982533637747
723,-0.011781289485066368,1.0846883566719487,-0.8001304198660673
724,-0.13998074421531467,0.485785746897818,2.68746382232882
725,-0.0743583592879086,3.8255796158796107,0.773407546179054
726,-0.011375027835178284,1.298216924291035,-0.4435122282565844
727,-0.012528620580518863,-1.6808397041400682,-3.129546322241158
728,-0.0877881210568385,0.2940411574077827,-1.7103047951856647
729,-0.015393939944348803,-2.5399087491144843,-0.06805738249314325
730,0.16523912651799766,0.5400261713770829,-2.4474075255538787
731,-0.06725028082035751,-1.1717307509586556,-1.1417649879526286
732,-0.10171681929497374,1.9680538821235392,-0.3777991713371938
733,0.0007619282138400447,-0.728901651268804,-1.020409611487963
734,-0.01192967705193323,-0.13600138298656034,-0.12542246943383972
735,0.1007939501011887,2.7002822346914988,-4.230941540332755
736,-0.21332641133637464,-1.2141563545854264,0.2354698115690339
737,0.3225747059964591,-1.0506666370143658,2.051463036348405
738,0.09612635939272807,0.8244212989069306,1.568248734627015
739,0.11121525523389418,1.6596985152601238,2.627711096279376
740,0.11770143600294586,3.1650020585603365,2.6837675969696626
741,0.060150937911271574,-0.8511222924484725,0.2908597140040484
742,-0.017977916141278853,1.458753863844509,-4.416264988901551
743,0.24433693225667197,-2.06463226014104,-0.32434546390698726
744,0.010422558489889822,-0.8952146604677992,-0.37776986001837265
745,-0.20055871624501048,2.412017739616052,3.997580136196813
746,-0.06341517703630996,-0.24019752324489946,-3.3505039146985642
747,0.23257478915094976,-2.142038411593091,2.057154941972998
748,-0.11670570289665282,1.6899429977838862,-2.8797693082759745
749,0.0650487225182345,2.2496341570765512,5.760729880452006
750,0.12365811790725577,-0.24566786801273613,2.6830451637360455
751,0.0975433895095976,-1.231997690119442,1.5479013788226013
752,0.247102456493426,-0.7582313194820693,1.656360145750934
753,-0.041012257526856374,4.503206339434275,1.2489671632904953
754,-0.21278527615735926,0.04279497321307425,1.466334608808811
755,-0.10960262283839042,-0.792508009860043,-0.5311335267972775
756,0.15589208910653757,0.5034427217711808,-5.4469594347526975
757,0.05817712748388485,-1.3292480867837873,0.6886499265509581
758,0.049211449735491665,1.803055169344332,-1.4293886375765772
759,0.17193177167070667,-0.5100652608397391,-0.6304046818789039
760,0.1327088835928267,0.1976293231138455,1.8843096721119048
761,-0.0028667069706427143,-1.7773415092418088,-3.1177962779436514
762,-0.05053268551718687,0.634068719274707,-2.0255199198082607
763,-0.0524430653680446,-0.7379308076070501,-0.7509479337295201
764,-0.19470545461338515,1.502114255860051,-3.3410591071529394
765,-0.029283117610232764,0.5636070722391469,1.6800726150715646
766,-0.02626621459989862,-1.4901691878334422,-1.8162142545672288
767,-0.05966703735731135,0.7937000517224868,-0.22295861949827386
768,0.08375408219129675,-0.28661038576045883,-4.852119913483758
769,0.08737976472975288,0.47664600001182295,1.4483898774671502
770,0.013210131875636442,0.262730570531341,0.5723353302514864
771,0.0076628613999413404,-0.8908786574421357,1.6099977660859346
772,0.09091256997884811,1.7864668540621678,-3.615965311682883
773,-0.2576999969600986,3.092966356513151,2.7297602550715636
774,-0.08733673599417784,-0.5641897950732039,0.48302243199493233
775,0.10120194819743651,0.0774857072760529,2.1355317258936957
776,0.043898950362748115,-0.6111369728450331,-1.1472050208600062
777,-0.04338329580748767,1.8060478572653378,2.3488010982399032
778,-0.011573457427494178,1.4661465630162998,-0.25801307066692286
779,0.08370589292213293,-2.4333497970912275,1.177492413463281
780,-0.016641187528845934,-0.3482444597476517,0.7953211487052034
781,-0.08793022848735521,-1.514508538185033,3.0633457947729847
782,0.1562832748237411,-2.9743790974795625,-4.125790014315204
783,-0.07212409079645962,2.2934122523154445,-0.14390558503653678
784,-0.033700196994948826,5.672257342202885,0.7370578761616955
785,-0.0641028649343819,0.787543058205902,2.540761465657218
786,0.005010882570350949,1.190594209999965,-2.9271206343178986
787,-0.12282412352101135,-0.6719347386050022,-3.803022884903449
788,0.10021317818285876,-2.058451435893796,-1.225554782232424
789,-0.06926204523170103,-2.5249484543609313,-0.796223026928627
790,0.02366708456436664,-1.620797669248935,0.16986832881129968
791,0.03633173688813065,0.6843597367533558,2.985678361879392
792,-0.03127028406493645,1.4557064815586385,1.6746647062461035
793,0.0002627474883005395,-1.2706350890645182,-2.6689620932338594
794,0.1301143272104078,1.0094777368877956,1.7374910254445377
795,-0.07007070380622725,-0.10036862380779027,0.5321574348665866
796,0.04145779018487411,-0.17904714420906276,2.5829011811277303
797,0.025055316967891195,-3.2128135163859617,-0.9988159885867776
798,0.07807973944088553,2.2768932648259232,-0.31639028558804927
799,-0.08412002026888316,-4.086766471791257,1.2837741609535922
800,0.034624767707568394,-6.321848390674045,2.496543690602029
801,-0.012354080380962756,-0.6563087670377682,-2.40647403636647
802,0.073792765174117,2.7790759059382686,2.6317197426999015
803,-0.0949673484166406,3.1393014030009296,0.00684064671292689
804,0.08830651252759608,0.9813559566688861,-3.763299707650595
805,0.022164511864078987,0.18608876459120396,1.0520403794283302
806,-0.08866308227148455,1.6807238102321254,-1.5597538504545803
807,0.001024698988420637,0.8791283124749936,2.815378241455451
808,0.0004688474652181118,1.2274437369571327,2.134133013023114
809,-0.19388076716056465,2.0770946649150983,1.283289000846001
810,0.025611854295049714,1.1662841221070448,-0.29433156591745985
811,-0.053020706793461686,-1.8171634603875124,2.6639183056626434
812,0.13818775413894363,1.5999878432533483,0.042746083181561076
813,-0.04827517821931272,3.3771686400519103,0.26126565201355956
814,0.023209290447148253,0.3723066110288113,0.22424366619846045
815,0.136918365640098,-0.0058565437214963545,-1.1879048207149336
816,0.1941848348020263,-2.035931529254724,-3.6373008939240403
817,-0.043424527194148285,-0.9140578155421557,-1.976332064064265
818,-0.1236132514132172,-2.3263986065266606,1.671993779025655
819,0.06385715182845725,-5.28829751978984,3.034937157837747
820,0.2122558401625445,-2.6963825709755342,2.9820285790649406
821,0.04395766377049641,1.2658112432744208,0.12932100904499166
822,-0.03345241315331757,-1.9052187869840846,-2.003211749647852
823,0.012883405658418426,2.3727350954995696,-0.9541335688400825
824,-0.0526496570498092,-0.26456113841369044,-1.7821016924962518
825,-0.041109897550926006,1.1889574203281483,-2.212532670182834
826,-0.21834754997811756,0.09422500551080543,0.8324140085502493
827,-0.10777915877107168,-0.13945953822390378,-1.9216318347705568
828,-0.01235811862172707,3.653758127530457,-0.284829081711529
829,-0.19238258917868856,-0.059456590699132006,1.799393548046698
830,0.039418724562875714,4.064332981873234,-1.42982837968761
831,0.017521869200491164,2.977538954936784,-1.0203474585371444
832,0.10124767722364376,-0.957581823271604,-3.7372188446272334
833,-0.15749380226161258,0.6917435336563292,0.054416069316904736
834,-0.05253862651419225,-3.350164727236722,-0.31731004792048745
835,0.08667719129512433,-0.2893237267834854,-2.460227034693994
836,-0.07432684119344429,-3.5945522349570758,3.8789704526905395
837,0.14506408988863326,4.724603119105494,-0.5583713542620122
838,-0.03844291603481384,1.2746605826863855,0.24220739117978518
839,-0.15541519555827069,-0.8766524098186623,2.622423966675692
840,0.08491859720334459,-0.8068935100573279,3.441040258982977
841,-0.12422770392921988,1.8808912640906823,-1.8793469642788008
842,0.00644519843111845,-3.381500708423786,0.8861086862788221
843,-0.015516582189775792,2.7630848602195335,0.18382339590701968
844,0.060995775312457326,-2.736167690198732,5.308733456283246
845,0.009923837444074378,3.3211797756027934,0.4191317156874156
846,-0.007902312112816645,-3.0094519767211767,0.13501770355634635
847,0.019653959390613193,0.6435765684436301,0.5631006028532418
848,0.02752761736312109,-0.22163881677189412,3.290778741503147
849,0.11780766363076703,3.106565939900125,0.43593032710039936
850,0.07181547062709108,-1.1563002309138453,1.9341336182509328
851,0.021916310375465084,0.13636386520016652,1.768120810329263
852,-0.18606519514097358,0.9035495804366701,3.293229924898331
853,0.1842756188390655,0.7706086176418353,0.31595411224174186
854,0.009525283228637023,0.5373809287051294,-1.8422967277066125
855,0.015745999140391403,-1.5844752073400645,2.8689358642399148
856,0.09562933107458967,1.7013210878027296,3.3452362576691828
857,-0.1607615460515096,1.2399264470960571,-1.7376886744666695
858,0.0173217481302505,-0.35203469606261406,-1.1933581764183492
859,-0.08234281825495299,3.6425185953886183,2.5643321996105546
860,-0.06479672380351244,5.419949241865799,0.1561032428416036
861,0.02072655690783172,-0.02988079989686465,0.8586876943527357
862,-0.01575061004279251,2.8782017594915303,-0.4236436999004741
863,-0.07972571111824757,-2.749527985267242,-2.4855939924959145
864,-0.06287979271164143,-1.9959687776485087,0.6030250951986993
865,-0.051187666079454665,-3.0624726376770712,-0.4827251339359139
866,0.024690848239078467,0.31978847645530606,-1.811796883628314
867,0.10505524943650871,0.7330220508701595,5.096724662638897
868,-0.07176331566389314,-0.6119030158071148,-0.5191605849615774
869,-0.08839594794266867,1.2282367278718236,3.902465805672191
870,0.030562153198700134,1.385417982524529,0.9558636069650592
871,-0.12176743625265461,7.129917873805226,-4.558695820099536
872,-0.09772692469915392,-3.5229355114298393,-1.3486207630439213
873,-0.23972731188176655,-0.0070096411258080416,4.454219962121571
874,0.10567981807972007,0.7021169610232241,1.0162657122330618
875,0.07471105580525063,0.1619403013355145,1.3305379456947333
876,0.08238995579755881,0.1199707060593872,2.6753479367048065
877,0.06844180699542377,0.22421674770688105,-2.8513516878223215
878,0.05302663339693619,4.61035949234032,1.8197128160296723
879,0.06348705033025868,2.3115239994507295,0.5665926814141244
880,0.08874915723646282,5.469689153420062,1.3170524482769408
881,0.012580758678751677,3.922477887728495,-1.480961561736514
882,0.13879688891975384,-0.2645163809335538,3.0976044732930323
883,-0.08843947947341131,0.5383918472337671,3.4517237149442783
884,-0.03040224341951675,-1.27174161509851,-1.5299263545247355
885,0.007741997966504904,-3.901609388959744,2.7167495353792894
886,-0.04900299811575401,1.1024742210827572,1.4977746896227797
887,0.060678115484690764,0.6363909373004885,2.1975816193603324
888,0.06872160913039213,3.42903021123149,-1.5161650398530608
889,-0.026113103757704426,2.6753763665972445,3.3174895186448152
890,-0.09356548272240309,1.2002744256461981,2.9173492127997767
891,0.002444038005588539,1.3382613998069453,-2.7139768550841126
892,-0.08895405056961866,-0.11328318326542319,1.9593989736620656
893,-0.08173315513618969,0.32398963184823715,3.1979733813218805
894,0.10696867583148495,-0.9634990799110614,3.8386428054092487
895,0.015141242317406461,-0.629959859842932,-0.42086715104337347
896,0.07071077184068685,0.6033100747617925,-1.1888048794127708
897,0.11702776363598376,0.644121037727882,-0.1297880643429805
898,-0.006273966883302239,-1.1363348058491547,1.930781935503868
899,0.046548695091947825,2.291261055479307,0.88004881099215
900,-0.014302823143985316,-1.0608689625167318,1.5514223678789332
901,0.07364722449183975,-1.018862709061886,0.6390972373456865
902,-0.026007989195623995,1.1192932274501723,0.8965540197369082
903,-0.01729268162363448,-3.763856356469976,-1.3532207379082366
904,0.01084302735615857,2.0591915738377344,1.3558630695453158
905,-0.11781226451251543,-0.6659319663653572,-2.0030909856052443
906,-0.06531279997860513,-1.3963551700124868,-1.0639132225208017
907,-0.15041579962335974,-1.2833687306945525,-4.518469004657643
908,-0.10881408889560487,3.014852483938658,2.644326883166631
909,-0.0031848084804885625,3.125189728461377,2.3252815291163427
910,-0.06777174852298741,0.8004762326258441,-2.6589906180968264
911,0.0358820310603201,3.063841600840637,0.148733482339916
912,-0.10037220078267782,4.504269242727037,-3.0502628044860893
913,0.15047818950524294,0.35655784902094023,3.123998478566723
914,-0.17269021565273576,-0.2204007566466022,2.907279032036312
915,0.029175860174033903,0.5984999623669922,-4.054356523744067
916,0.12763863475054066,-2.6790114328055155,0.44755686945816686
917,0.04559042918355113,2.365026765252055,2.401944717778164
918,0.17335025166795368,-1.4935619269919775,-3.7045887440120144
919,-0.08847865235694684,3.1528189012726817,-1.441559733759062
920,-0.09692191055764669,3.43275315183832,0.6164739932855401
921,-0.009329461456692481,-1.21885761142221,2.788270178336085
922,-0.2356272222787777,0.2960411770589462,0.08287846093303908
923,-0.051907864706321354,-0.6221529558831657,1.9470747776620854
924,0.0008854360095542663,1.6772056356781002,2.4005078042975136
925,0.07597091800675115,-3.8964905139061603,1.504146231894829
926,0.06769096026812954,-2.4861930270459656,-5.718329956341638
927,-0.10422739351196474,-1.7356989955864073,2.0958887649382745
928,-0.21184957058336687,-2.3339356186826667,4.412533665455042
929,-0.18382849768235854,-1.3362905747378044,-0.7378407051308026
930,0.04725343125193099,-1.9222636919686358,-0.06279845914919457
931,0.0058739764924779815,2.430674665500869,-5.715831762249425
932,0.0952609861856759,-1.7101100785191883,-2.561520715160421
933,0.023052001759654397,-2.617777545624559,-1.4019113619492864
934,0.006027910986516882,-2.5358019773105,3.443329260486091
935,0.1265672606825213,2.0782814720762195,0.8030400801951483
936,0.09168262866090761,-0.9365020956860959,4.366016595642754
937,-0.15035626444497163,-0.1857919751977588,-2.9454961031975477
938,-0.043442761212903115,-2.4999108737936573,0.17313155712068995
939,-0.09866504035942776,0.31051649829378647,-1.2465945573641726
940,-0.0251518863918167,-0.4949571595274149,3.978508167520805
941,-0.1999512407979681,2.3530161077351144,-1.6029487356640684
942,-0.03624925535484157,-0.27395280625112917,-0.1117958008628206
943,0.1028210157109099,-2.9787927147809956,1.7561045570298575
944,-0.11302185793181702,1.8455319045636736,0.9482461553342714
945,0.1185653045598208,0.8087745007485332,2.1670713347444748
946,0.05723819262543231,-1.1508616402161416,0.2780155419174527
947,0.017260895545931132,1.002346192041232,3.1831139339720194
948,-0.13674797292782118,-0.3296491291907615,-0.5871813447826593
949,0.027774604956547835,2.087307731217115,1.902043800832621
950,-0.01821891426604883,-5.143840474348636,1.8619604809810024
951,-0.10199314304494836,0.10456023308724993,0.13709111409993557
952,0.005489388383928683,-1.8003299048841914,0.0741732590575529
953,0.03593135483450399,-1.427058361755141,0.919115878024432
954,0.044183921713799146,3.6915228855360915,-3.410172507973446
955,-0.005724854348573924,-3.2097802133818885,-1.3372664506427683
956,0.05734982406362819,-0.4781671710813107,1.3484314017466397
957,-0.014274948757545192,0.41204437479183964,-0.26521692772281025
958,0.024623593581690705,3.47545773409477,-2.4306316969310595
959,0.04969827500136474,2.518343124525501,-1.2408637167155412
960,-0.05320933567121808,1.9211064096740855,0.03698582610690093
961,0.13092797938906178,-0.12878083983076571,4.925592250598436
962,0.0001987216322966401,-2.9762650568884306,0.8741557895320429
963,0.049580459428309645,-1.881388243289731,-1.5841000403519545
964,-0.007770410143341209,-1.8674622752221155,2.2008537824138052
965,-0.18233683125305425,-0.2768709930690876,-2.4723240358545673
966,-0.11337443507162162,1.30122475256531,0.43641757556218885
967,0.08387781860964288,-0.9956859969061173,0.8178172386677038
968,-0.15906728042344243,0.46798794418427736,1.2649915340696705
969,-0.08022143497709759,-2.8318034798780394,0.14978310438854053
970,-0.179935391777449,1.296416266810593,1.4243228230101195
971,-0.038655359794460324,-2.5949810063878522,2.6086314407223505
972,-0.0028513188525119172,-6.257696684730215,-1.660996455058692
973,-0.06024385408761164,-0.6208120136615469,-0.6585727651107948
974,-0.03863750207687778,2.803269011511433,-3.000863625578488
975,-0.026593949258881297,-0.26975307095226847,-3.48182178079625
976,0.2874622396891096,2.8890643280814605,3.1854741540687854
977,0.07272608253718642,-1.8515643313281804,-2.9324274274619166
978,0.0677760010853482,-1.6865621294726325,0.42552985682834077
979,0.0013928276099766637,1.9608349484500347,4.707476213118065
980,0.02933326196431857,0.2184596790049378,-0.0800953256849507
981,0.12959284170791613,-0.861420041993163,0.6476813019627397
982,-0.13001526434881766,1.7234776470890272,3.480789281622729
983,0.007699850947920137,-0.3740166033196106,0.3498982118722074
984,-0.09319781029472936,2.6207171967643834,-0.416850477144866
985,0.023769316292597993,-1.604238844250167,0.1410248909723368
986,0.06848494553383029,-3.685780839914888,4.534577974035067
987,0.16318373908361014,0.8121887928138217,-0.4751616135989789
988,0.11798488889698036,4.160847501032974,-3.613467303579732
989,-0.04998077654613204,-2.4014317444077222,-2.3573475176062475
990,0.011202874188507487,0.5799497183906004,-2.2666562267510506
991,-0.0404254546680326,-5.226458496473984,-1.4850646272112216
992,0.06191764113169948,0.22882299729039707,1.3779382067031158
993,-0.08788592014373996,-3.8416585525494624,-3.0121742655681594
994,-0.11251016160510197,1.9194688850135426,-4.4437562743485755
995,0.1575533096933368,-1.2063636948018408,3.105239445240638
996,0.16793217762679474,-0.5646918570291731,2.8041335438111745
997,0.08672292881056015,1.3841480503391344,1.3003705845186557
998,0.020763541109662203,-0.8731305044776301,-2.469890338213373
999,-0.05328657025337752,-4.759264296533777,1.6877773244041196
1000,-0.03696496592553404,2.5406532334070375,0.8931480954146299
1001,-0.05741802396913446,-1.582185755370176,-1.0080728316570258
1002,0.060065952088254285,-1.8840406335825932,5.775253002801692
1003,0.10176432378251571,2.035717675285356,2.2368685335616725
1004,0.0891004439562019,-1.9264335800187107,2.3770696340999073
1005,-0.07746907519032173,1.4278063458885568,-3.108121427376711
1006,-0.032434475149628175,-1.9384028989663724,-0.45233254703022047
1007,0.17943774869003887,-0.24696127614235852,3.788178379730462
1008,-0.17773173551951976,-0.8772954217566419,-0.5966321369382306
1009,0.13652232516721383,5.9723123494925785,-2.5622147576232566
1010,-0.02578918473714651,1.057663988394727,-0.8721777611925419
1011,-0.008868874695249745,-1.8419173259466861,-1.1550016399746532
1012,0.08360763976004171,0.4676392606951967,-4.25097693960428
1013,0.00421392912255038,-2.17932977520481,-2.0748369393735784
1014,-0.03170473797007473,-1.8111614890170689,-1.901525154241887
1015,-0.04129203493888975,-1.4466879213591168,-2.823191330724926
1016,-0.00674538347864711,-0.397771367754193,-5.181834134808328
1017,0.09350173992400247,-0.5933439834890948,-0.20514526090714558
1018,0.0664537461419334,-2.9569896854084456,-2.5635857264540065
1019,0.027813535796853223,-2.498941777415501,0.9756563229525348
1020,-0.05513426749780464,2.8653871577325294,-1.3216739511380644
1021,-0.10710676692909252,-4.284367243900266,2.7558111855637466
1022,-0.32952130336851515,-1.7936690344473996,3.3637347391312424
1023,-0.06736484857605893,3.722086235046908,3.3211731637228903
